id,name,description,books,religion,era,region
socrates,ソクラテス,「無知の知」を自覚し、魂（プシュケー）の配慮を重視した。;青年たちと対話（問答法）を重ね、真の知を探求した。;徳（アレテー）は知であるとし、「知徳合一」の立場をとる。;「単に生きることではなく、善く生きることである」といって、自身の魂をより善く生きるような行き方を目指した。;対話を通して、相手が真なる知を探求することを手助けする問答法を用い、それを助産術とも呼んだ。,,特になし,古代,西洋
plato,プラトン,イデア論を提唱し、感覚を超えた普遍的な実在を真の存在とした。;魂の三分説を唱え、理性が魂の他の部分を支配すべきであるとした。;理想国家（国家）においては、知恵をもつ哲人王が統治すべきであるとした。;感覚的次元に囚われた魂を、暗闇の中で壁に映し出された影を真実と思い込む洞窟内の囚人の姿にたとえ、感覚的世界からイデアへと魂を向け変える必要があると説いた。;国家は支配者階級、防衛者階級、生産者階級の3つの階級に分かれる。それら3階級が知恵・勇気・節制の徳を発揮することで正義が実現するとした。,国家;ソクラテスの弁明;クリトン;饗宴,特になし,古代,西洋
aristotle,アリストテレス,「人間はポリス的動物（社会的動物）である」と定義した。;最高善はエウダイモニア（幸福）であるとし、徳の活動に求めた。;倫理的な徳は、過度と不足を避けた中庸（メソテース）に存立するとした。;プラトンとは反対に現実主義の立場をとり、事物は概念であるエイドス(形相)と素材であるヒュレー(質料)からなるとした。,ニコマコス倫理学;政治学;形而上学;自然学,特になし,古代,西洋
marcus_aurelius,マルクス・アウレリウス,「哲人皇帝」として知られ、ストア派の最後を飾る思想家である。;主著『自省録』で、自然に従う生き方を説いた。,自省録,特になし,古代,西洋
epicurus,エピクロス,快楽を人生の目的とする快楽主義を説いた。;精神的な不安がない平静な状態（アタラクシア）を最高の善とした。;友愛（フィリア）と「隠れて生きよ」を重視した。;快楽主義を説く一方、自然哲学者であるデモクリトスの原子論の考え方を取り入れて死の恐怖の払拭を考えた。,,特になし,古代,西洋
zeno,ゼノン,ストア派哲学の創始者である。;理性を重んじ、自然に従って生きることを主張した。;情念(パトス)に動かされない不動心（アパテイア）の境地を目指した。;世界(コスモス)をポリスとする市民を構想し、広大な世界で生きる人間のあるべき姿として、自然の摂理である理性に従って、魂の徳を求める生き方を提唱した。,,特になし,古代,西洋
jesus,イエス,キリスト教の創始者とされる。;神の絶対的な愛であるアガペーと隣人愛を説いた。;形式的な律法主義を批判し、魂の救いを求めた。;山上の垂訓には、その教えの核心が示されている。,,ユダヤ教,古代,西洋
paul,パウロ,異邦人伝道の指導者としてキリスト教の普及に決定的な影響を与えた。;律法ではなく、イエスへの信仰によって救われるという信仰義認を説いた。;無償の愛であるアガペーの精神を強調した。;キリスト教に回心した人,,キリスト教,古代,西洋
augustine,アウグスティヌス,古代キリスト教最大の教父の一人とされる。;神の恩寵（恵み）による救いと、神への愛（アガペー）の重要性を説いた。;人間の内面を探求し、真理の光を自らの魂の深奥に見いだそうとした。,告白;神の国,キリスト教,古代,西洋
aquinas,トマス・アクィナス,アリストテレス哲学をキリスト教神学に取り入れた。;信仰と理性の調和を図ったスコラ哲学の完成者である。;神の永遠法に基づく自然法思想を確立した。,神学大全,キリスト教（カトリック）,中世,西洋
muhammad,ムハンマド,イスラーム教の開祖とされる。;唯一の神アッラーからの啓示を人々に伝達した預言者である。;信者と共にメッカからメディナに移住した出来事（ヒジュラ）はイスラーム暦の紀元となる。,,特になし,中世,東洋
konshi,孔子,血縁に基づく愛である『仁』を最高の徳とした。;社会秩序を維持するための規範としての『礼』を重んじた。;為政者は徳によって人民を治めるべきだと説いた（徳治主義）。,論語,特になし,古代,東洋
mencius,孟子,性善説を唱え、人間には生まれながらに善性が備わっているとした。;仁・義・礼・智の四徳の芽生えである四端の心を説いた。;大いなる精神力である浩然の気を養うことが重要であると主張した。;民の生活安定を第一とする王道政治を理想とした。,孟子,特になし,古代,東洋
gautama,ゴータマ・シッダッタ（ブッダ）,人生の苦の原因を探り、その滅却としての涅槃を目指す。;すべては因縁によって生起し、固定的な我（アートマン）は存在しない（無我）。;煩悩を離れるための実践的な方法として八正道を説いた。,,特になし,古代,東洋
mozi,墨子,儒家の別愛を批判し、すべての人を平等に愛する兼愛を主張した。;侵略戦争に反対する非攻を説き、平和の実現を目指した。;無駄な出費を避ける節用や節葬など、実利的な規範を重視した。,墨子,特になし,古代,東洋
xunzi,荀子,性悪説を唱え、人の本性は悪であるとした。;礼義による教化（偽）によって善に導かれると主張した。;儒家思想を継承しつつ、孟子の性善説と対立した。,荀子,特になし,古代,東洋
laozi,老子,道（タオ）を万物生成の根源と考えた。;無為自然を説き、作為的な行為を否定した。;柔弱謙下を徳目として重んじるべきだとした。;小国寡民の理想社会を構想した。,老子 (道徳経),特になし,古代,東洋
zhuangzi,荘子,老子とともに道家思想の代表者とされる。;万物斉同を説き、俗世間の差別的な認識を超越した。;絶対自由の境地である逍遥遊を理想とした。;世俗の価値にとらわれない真人・至人・神人を理想像とした。,荘子,特になし,古代,東洋
hanfeizi,韓非子,法家の思想を集大成し、李斯とともに秦に仕えた。;厳格な法治主義を主張し、信賞必罰を徹底すべきとした。;時代に応じた統治方法（変法）の必要性を説いた。;君主の統治の要として法・術・勢の三つを重要視した。,韓非子,特になし,古代,東洋
gyoki,行基,奈良時代の僧で、民間布教と社会事業に尽力した。;橋やため池、布施屋の建設など公益活動を行った。;当初、律令制下で私的な布教活動を禁じられ弾圧された。;東大寺大仏の造立に協力し、大僧正の位を贈られた。,,仏教,古代,日本
ganjin,鑑真,唐から渡来し、日本に仏教の正しい戒律を伝えた。;6度の航海失敗と失明を経て、苦難の末に来日した。;聖武天皇の招きに応じ、東大寺に戒壇を設けた。;私寺として唐招提寺を建立し、多くの僧に授戒を行った。,,仏教,古代,東洋
saicho,最澄,天台宗を開き、比叡山延暦寺を建立した。;法華経を根本経典とし、鎮護国家の仏教を目指した。;日本独自の大乗戒壇の設立を目指した。,山家学生式,般若仏教（天台宗）,古代,日本
kukaii,空海,真言宗の開祖で、高野山に金剛峯寺を開いた。;密教を大成し、この世での即身成仏を説いた。;庶民教育機関として綜芸種智院を設立した。,三教指帰;十住心論,般若仏教（真言宗）,古代,日本
kuya,空也,市聖（いちひじり）と呼ばれ、庶民に念仏を広めた。;市中で踊念仏を行い、初期の浄土教普及に貢献した。,,浄土教,古代,日本
genshin,源信,『往生要集』を著し、阿弥陀仏の功徳を説いた。;地獄の苦しみを具体的に描き、厭離穢土を強調した。;末法思想の中で、念仏による極楽往生を広く勧めた。,往生要集,浄土教,古代,日本
honen,法然,浄土宗の開祖であり、専修念仏を説いた。;すべての修行を捨て、ひたすら念仏を唱えるべきとした。;末法の世では、阿弥陀仏の他力によって救われるとした。,選択本願念仏集,浄土宗,中世,日本
shinran,親鸞,法然の弟子であり、浄土真宗の開祖である。;自力修行を否定し、他力本願による救済を説いた。;煩悩を持つ凡夫こそ救われるとする悪人正機説を提唱した。;妻帯し肉食する非僧非俗の立場を実践した。,教行信証,浄土真宗,中世,日本
ippen,一遍,時宗の開祖であり、遊行上人として諸国を巡った。;札を配る賦算によって念仏の教えを広めた。;踊りながら念仏を唱える踊念仏を始めた。,,時宗,中世,日本
eisai,栄西,宋より臨済宗（禅宗）を日本に伝えた。;鎌倉幕府など武士の支持を受け禅を広めた。;鎮護国家の立場から『興禅護国論』を著した。,興禅護国論,臨済宗,中世,日本
dogen,道元,宋より曹洞宗（禅宗）を日本に伝えた。;ただひたすら坐禅に打ち込む只管打坐を説いた。;修行と悟りは一体であるという修証一如を説いた。;日本語の仏教書である『正法眼蔵』を著した。,正法眼蔵,曹洞宗,中世,日本
nichiren,日蓮,法華経を唯一絶対の教えとする日蓮宗の開祖である。;「南無妙法蓮華経」の題目を唱えることを説いた。;他宗派を厳しく批判し、天変地異を予言した。;政治と仏教の関係を論じた『立正安国論』を著した。,立正安国論,日蓮宗,中世,日本
fujiwara_seika,藤原惺窩,禅僧から儒学者に転じ、日本における朱子学の祖とされる。;朱子学を仏教から独立した儒教として確立し広めた。,,特になし,近代,日本
hayashi_razan,林羅山,藤原惺窩の弟子で、徳川家康に仕えた儒学者。;幕府のブレーンとして朱子学の官学化の基礎を築いた。;上野忍岡に私塾を開き、昌平坂学問所のもととなった。,,特になし,近代,日本
kinoshita_jun_an,木下順庵,加賀藩に仕えた朱子学の儒学者。;新井白石、室鳩巣、雨森芳洲などの名門人を育てた。,,特になし,近代,日本
kaibara_ekken,貝原益軒,実践的な道徳教育と実学を重んじた朱子学者。;『養生訓』や『和俗童子訓』などの教育啓蒙書を著した。,養生訓;和俗童子訓,特になし,近代,日本
arai_hakuseki,新井白石,木下順庵の弟子で、徳川家宣・家継の代の政治を主導した。;西洋の宣教師シドッチから話を聞き、『西洋紀聞』を著した。;貨幣改鋳や貿易制限などの「正徳の治」を行った。,西洋紀聞;読史余論,特になし,近代,日本
amenomorihoshu,雨森芳洲,対馬藩に仕え、朝鮮との外交交渉に尽力した。;朝鮮語を学び、日朝の「誠信の交わり」を主張した。,交隣始末,特になし,中世,日本
yamazakiansai,山崎闇斎,朱子学と神道を融合させ、垂加神道を創始した。;敬を重視し、現実社会における実践的な態度を説いた。;君臣の関係や上下の秩序を重んじる朱子学を日本的に解釈した。,,特になし,中世,日本
nakaetoju,中江藤樹,日本陽明学の祖。「近江聖人」と称された。;王陽明の教え、特に「致良知」の実践を重視した。;孝を人間性の根源とし、実践的な道徳を説いた。,翁問答,特になし,中世,日本
kumazawabanzan,熊沢蕃山,江戸時代前期の陽明学者で中江藤樹に学ぶ。;岡山藩主池田光政を補佐し藩政改革を行った。;朱子学が時勢に合わないことを批判した。;『大学或問』を著した。,大学或問,特になし,近代,日本
yamagasoko,山鹿素行,朱子学を批判し、古学（古学派）の先駆者となった。;武士の身分にふさわしい道徳として士道を確立した。;儒教の聖人の教えをそのまま実践すべきだと主張した。,聖教要録;武教全書,特になし,中世,日本
ito_jinsai,伊藤仁斎,朱子学に対抗し古義学を創始した。;『論語』を最上の第一書とし、その意義を探求した。;「仁」を愛、人間における真実の情と説いた。;理や空といった形而上学的な要素を否定した。,童子問;語孟字義,特になし,近代,日本
ogyu_sorai,荻生徂徠,古文辞学を提唱し、仁斎の古義学と対立した。;先王の道は経世済民のための礼楽刑政であるとした。;道とは聖人君主が社会秩序維持のため制作した制度である。;古典を文献学的かつ客観的に解釈することを重視した。,弁道;弁名;政談,特になし,近代,日本
keichu,契沖,僧侶でありながら古典を実証的に研究した。;国学の学問的方法の基礎を確立した。;『万葉集』の本文研究である『万葉代匠記』を著した。,万葉代匠記,仏教,近代,日本
kada_no_azumamaro,荷田春満,国学四大人（こくがくしたいじん）の一人。;古典研究を通して日本の古道を明らかにするべきと主張した。;国学の創始を提唱し、その機運を高めた。;『創学校啓』で古代研究のための学校設立を訴えた。,創学校啓,特になし,近代,日本
kamo_no_mabuchi,賀茂真淵,国学四大人（こくがくしたいじん）の一人。;『万葉集』を研究し、その雄々しい調を「ますらをぶり」と評価した。;漢意（からごころ）以前の日本固有の精神を探求した。;本居宣長の師にあたる。,万葉考,特になし,近代,日本
motoorinorinaga,本居宣長,江戸時代中期の国学の大家。;漢意（からごころ）を排し、日本古来の精神を探求した。;古事記の研究に生涯を捧げ、『古事記伝』を完成させた。;日本人の素朴な感情を「もののあはれ」と表現した。,古事記伝;玉勝間,特になし,近代,日本
hirata,平田篤胤,本居宣長の国学を継承し、復古神道を確立した。;記紀神話に基づき幽冥（死後の世界）について論じた。;仏教や儒教を排し、神道による国教化を主張した。,古道大意,特になし,近代,日本
ihara,井原西鶴,浮世草子の第一人者として町人文学を確立した。;町人の生活や金銭に対する欲望を写実的に描いた。;『好色一代男』や『日本永代蔵』を著した。,好色一代男;日本永代蔵,特になし,近代,日本
chikamatsu,近松門左衛門,人形浄瑠璃や歌舞伎の脚本家として活躍した。;『曽根崎心中』などで義理と人情の葛藤を主題とした。;芸道の理想を「虚実皮膜の論」として示した。,曽根崎心中;国性爺合戦,特になし,近代,日本
ishida,石田梅岩,町人のための倫理教化運動である心学を創始した。;商人の利益追求は武士の俸禄と同じく正当であると説いた。;正直倹約を旨とし、士農工商を超えた普遍的な道徳を説いた。,都鄙問答,特になし,近代,日本
nishikawajoken,西川如見,鎖国下において海外の地理や風俗を研究・紹介した。;長崎での見聞をもとに実用的な地理学を著述した。;海運貿易の重要性を説いた。,華夷通商考;増補華夷通商考,特になし,近代,日本
andoshoeki,安藤昌益,自然世を理想とし、支配階級が存在する法世を批判した。;万人が自ら農耕を行う万人直耕の社会を理想とした。;儒教や仏教の虚偽性を厳しく批判した。,自然真営道,特になし,近代,日本
ninomiyasontoku,二宮尊徳,報徳思想を提唱し、農村復興に尽力した。;分度（節約）と推譲（譲り合い）を経済倫理の基本とした。;道徳と経済の両立を説いた。,報徳記,特になし,近代,日本
tominaganakamoto,富永仲基,懐徳堂で学び、既存の学問に対して批判的な立場をとった。;仏教の教義は歴史とともに付け加えられたとする加乗説を提唱した。;独自の文献学的手法（疑古）で仏典を批判的に研究した。,出定後語,特になし,近代,日本
miurabaien,三浦梅園,自然の条理に基づいた独自の哲学体系を構築した。;万物は二面性を持ち一体であるとする一物両体説を唱えた。;自然科学的な観察と論理的思考を重視した。,玄語;贅語;敢語,特になし,近代,日本
yamagatabanto,山形蟠桃,懐徳堂で学び、独自の合理的な自然観を提示した;『夢の代』を著し、無鬼論を唱えた;神や霊魂の存在、仏教・儒教の権威を否定した,夢の代,特になし,近代,日本
maenoryotaku,前野良沢,蘭学を研究し、オランダ語学習の必要性を痛感した;杉田玄白らと共に『解体新書』の翻訳に着手した;『解体新書』翻訳において中心的な役割を果たした,,特になし,近代,日本
sugitagenpaku,杉田玄白,前野良沢らと協力し『解体新書』を刊行した;日本の西洋医学（蘭学）導入に貢献した;蘭学草創期の苦労を『蘭学事始』に記した,解体新書;蘭学事始,特になし,近代,日本
takanochoei,高野長英,蘭学医であり、幕府の対外政策を批判した;異国船打払令への批判を『戊戌夢物語』に記した;渡辺崋山らと共に蛮社の獄で処罰された,戊戌夢物語,特になし,近代,日本
watanabekazan,渡辺崋山,蘭学研究を通じて開国論を唱えた画家;『慎機論』を著し、幕府の政策を批判した;高野長英らと共に蛮社の獄で処罰された,慎機論,特になし,近代,日本
fujitatoko,藤田東湖,水戸学の指導者の一人として知られる。;徳川斉昭を助け、尊王攘夷論を推進した。;『大日本史』の編纂事業に深く関わった。,弘道館記述義,特になし,近代,日本
yokoishonan,横井小楠,越前福井藩の藩政改革に参与した。;実学を重視し、開国を主張した。;「公議世論」に基づく政治の実現を訴えた。,,特になし,近代,日本
sakumazozan,佐久間象山,兵学や西洋の科学技術を積極的に学んだ。;「東洋の道徳、西洋の芸術」という思想を唱えた。;吉田松陰や勝海舟らの師として知られる。,省諐録,特になし,近代,日本
yoshidashoin,吉田松陰,長州藩で松下村塾を主宰し、多くの人材を育成した。;佐久間象山に師事し、尊王攘夷論を唱えた。;行動を重んじ、身分差のない「一君万民」を提唱した。,幽囚録,特になし,近代,日本
takasugishinsaku,高杉晋作,吉田松陰の松下村塾の門下生である。;身分を問わない混成部隊である奇兵隊を結成した。;長州藩の倒幕運動において指導的役割を果たした。,,特になし,近代,日本
okubo_toshimichi,大久保利通,岩倉遣外使節団の副使として欧米を視察した。;征韓論を退け、内治優先政策を強力に推進した。;殖産興業政策を進め、日本の近代化に貢献した。,,特になし,近代,日本
saigo_takamori,西郷隆盛,征韓論を主張し、政府を辞職して鹿児島へ下野した。;不平士族に擁立され西南戦争を起こしたが敗北した。;質実剛健な思想を持ち、敬天愛人を座右の銘とした。,,特になし,近代,日本
fukuzawa_yukichi,福沢諭吉,慶應義塾を創立し、西洋の知識を広く紹介した。;天賦人権論に基づき、独立自尊の精神を説いた。;『学問のすゝめ』で実学と個人主義の重要性を説いた。;『脱亜論』でアジアと袂を分かつべきと主張した。,学問のすゝめ;文明論之概略;脱亜論,特になし,近代,日本
nakae_chomin,中江兆民,ルソーの思想を日本に紹介し、東洋のルソーと呼ばれた。;自由民権運動の理論的指導者として活躍した。;主著『民約訳解』で人民主権と抵抗権を広めた。,民約訳解;一年有半,特になし,近代,日本
itagaki_taisuke,板垣退助,民撰議院設立建白書を提出し、政府の専制を批判した。;日本で最初の政党である自由党を結成し総理となった。;征韓論に敗れ、明治政府を去り自由民権運動を開始した。,,特になし,近代,日本
ueki_emori,植木枝盛,自由民権運動の理論的指導者として活躍した。;「東洋大日本国国憲按」を起草し抵抗権を主張した。;私有財産の不平等を是正する平等主義的な思想を持つ。,,特になし,近代,日本
nishimura_shigeki,西村茂樹,「日本道徳論」を著し欧化主義を批判した。;伝統的な儒教道徳を基盤とする国民道徳の確立を説いた。;明六社の設立に携わり、啓蒙思想家として活動した。,日本道徳論,特になし,近代,日本
miyake_setsurei,三宅雪嶺,雑誌「日本人」を創刊し、国粋主義を標榜した。;欧化主義に対し、日本の独自性と普遍性を追求した。;独自の哲学と国粋主義を結びつけた日本主義を提唱した。,,特になし,近代,日本
tokutomi_soho,徳富蘇峰,民友社を設立し、雑誌「国民之友」を発行した。;「将来の日本」を著し、平民主義を提唱した。;後に国家主義に転じ、国家の対外膨張を肯定した。,将来の日本,特になし,近代,日本
uchimura_kanzo,内村鑑三,教会や聖職者を介さない無教会主義を提唱した。;日露戦争に反対し、非戦論を唱えた。;キリスト教と武士道の精神を融合させようとした。,余は如何にして基督信徒となりし乎;後世への最大遺物,キリスト教,近代,日本
nitobe,新渡戸稲造,太平洋戦争以前の日本の精神的支柱となった『武士道』を著した。;国際連盟事務次長として国際平和に尽力した。;札幌農学校でキリスト教精神に基づいた教育を受けた。,武士道,キリスト教,近代,日本
niijima,新島襄,幕末に密出国し、アメリカでキリスト教を学んだ。;「良心教育」を掲げ、同志社英学校を創設した。;キリスト教の精神に基づいた日本の教育の発展に貢献した。,,キリスト教,近代,日本
katayama,片山潜,初期社会主義運動の指導者の一人として活動した。;労働組合期成会に参加し、『労働世界』を創刊した。;第二次インターナショナルやコミンテルンで国際的に活動した。,,特になし,近代,日本
abe,安部磯雄,初期社会主義運動の指導者として社会民主党の結成に携わった。;日本初のプロテスタントの社会主義者として知られる。;早稲田大学の教授として日本の野球の普及に貢献した。,,キリスト教,近代,日本
kotoku,幸徳秋水,非戦論者であり、日露戦争開戦に強く反対した。;堺利彦とともに『万朝報』で非戦論を主導した。;社会主義、無政府主義思想を日本に紹介した。;大逆事件により逮捕・処刑された。,帝国主義,特になし,近代,日本
kawakamihajime,河上肇,マルクス主義経済学の立場から貧困問題の解決を追求した。;啓蒙書『貧乏物語』を著し、当時の社会に大きな影響を与えた。,貧乏物語,特になし,近代,日本
minobetatsukichi,美濃部達吉,天皇機関説を主張し、統治権は国家に属するとした。;大正デモクラシー期における憲法学の主流的な見解であった。;国体の本義に反するとされ軍部から攻撃された（美濃部事件）。,,特になし,近代,日本
yoshinosakuzo,吉野作造,大正デモクラシー期に、天皇主権の下での民本主義を提唱した。;政治の運用を国民の利益と幸福のために行うべきだと主張した。;普通選挙の実現など民主的政治の実現を目指した。,,特になし,近代,日本
hiratsukaraicho,平塚らいてう,「元始、女性は実に太陽であった」という言葉で知られる。;雑誌『青鞜』を創刊し、新しい女性の生き方を追求した。;市川房枝らと新婦人協会を設立し、女性解放運動を主導した。,,特になし,近代,日本
ichikawafusae,市川房枝,平塚らいてうと共に新婦人協会の設立に尽力した。;戦後の婦人参政権獲得に決定的な役割を果たした。;女性の地位向上のため選挙の啓発活動に取り組んだ。,,特になし,近代,日本
saikomankichi,西光万吉,部落解放運動の指導者の一人として活動した。;1922年に全国水平社を創立した中心人物である。;「人の世に熱あれ、人間に光あれ」と宣言した。,,特になし,現代,日本
yosanoakiko,与謝野晶子,明治・大正期の歌人であり浪漫主義を代表する。;『みだれ髪』などで女性の自我と官能を歌い上げた。;日露戦争時、反戦詩『君死にたもうことなかれ』を発表した。,みだれ髪,特になし,近代,日本
shimazakitoson,島崎藤村,自然主義文学の代表的な小説家である。;被差別部落出身者を題材とした小説『破戒』を発表した。;初期には北村透谷らと『文学界』に参加し浪漫主義を牽引した。,破戒,特になし,近代,日本
kitamuratokoku,北村透谷,明治期の詩人・評論家で浪漫主義の精神的指導者である。;日本の近代文学における自我の確立に貢献した。;評論『厭世詩家と女性』などで内面的な自我の解放を主張した。,厭世詩家と女性,特になし,近代,日本
natsumesoseki,夏目漱石,近代日本の小説家で近代化に伴うエゴイズムを追究した。;『こころ』で近代知識人の孤独と良心の葛藤を描いた。;自己本位を離れ自然の力を大切にする「則天去私」を理想とした。,こころ;それから;門,特になし,近代,日本
moriogai,森鴎外,自然主義に反対し、理想主義を主張した。;当時の社会道徳の頽廃に対し「道徳とは何ぞ」と問うた。;近代日本のエリートとしての内省を描いた。,舞姫;高瀬舟,特になし,近代,日本
mushanokojisaneatsu,武者小路実篤,人道主義、理想主義を掲げ、白樺派の中心人物となった。;自我の肯定と個性の尊重を主張した。;理想社会を目指し新しき村の建設を試みた。,お目出たき人;友情,特になし,近代,日本
kobayashihideo,小林秀雄,近代日本の文芸批評というジャンルを確立した。;「考える」ことよりも「わかる」ことの重要性を説いた。;ランボーやドストエフスキーらの文学を論じた。,様々なる意匠;本居宣長,特になし,現代,日本
nishidakitaro,西田幾多郎,日本独自の哲学である西田哲学を確立した。;主客未分の「純粋経験」から出発した。;場所の論理や絶対矛盾的自己同一を提唱した。;京都学派の創始者とされる。,善の研究,特になし,近代,日本
watsujitetsuro,和辻哲郎,倫理を「人間」と「人間」との関係として捉えた。;「個」と「全体」の二重構造を主張した。;生活様式と精神構造の関係を風土論で分析した。;仏教美術や古代日本の精神構造も研究した。,風土;倫理学,特になし,現代,日本
yanagitakunio,柳田国男,日本で系統的な民俗学を確立した。;常民（じょうみん）の生活や伝承を研究対象とした。;日本人の「他界」観を考察した。;『遠野物語』で山人に関する伝承を収集した。,遠野物語;先祖の話,特になし,現代,日本
minakatakumagusu,南方熊楠,菌類学や民俗学など幅広い分野で活躍した。;神社合祀反対運動を通じて自然保護を訴えた。;自己流の博物学を体系化し粘菌研究で知られる。;世界各地の神話や伝説を比較研究した。,南方曼荼羅,特になし,現代,日本
origuchishinobu,折口信夫,国文学と民俗学を融合させた「折口学」を確立した。;「まれびと（客人）」の思想を提唱した。;漂着神や来訪神の信仰形態を研究した。;古代日本の芸能や宗教儀礼を考察した。,古代研究,特になし,現代,日本
yanagisoetsu,柳宗悦,朝鮮や日本の民衆的な工芸品を評価した。;「民藝（みんげい）」の概念を提唱し運動を主導した。;日用品の美しさに着目し無名の職人の仕事を称揚した。;バーナード・リーチらと交流した。,民藝四十年,浄土真宗,現代,日本
maruyamamasao,丸山真男,戦後日本の代表的な政治思想史家。;日本における超国家主義の構造を分析した。;「権威」と「権力」の概念を区別して研究した。;近代日本の思想の連続性と非連続性を考察した。,日本政治思想史研究;現代政治の思想と行動,特になし,現代,日本
yoshimotot,吉本隆明,戦後日本の思想界をリードした詩人、評論家。;消費社会における大衆の思想や疎外を分析した。;「共同幻想論」で知られる戦後を代表する思想家。,共同幻想論;言語にとって美とは何か,特になし,現代,日本
benedict,ルース・ベネディクト,アメリカの文化人類学者。文化相対主義の立場をとる。;第二次世界大戦中に日本文化の研究を行った。;日本文化を「恥の文化」として分析した。,菊と刀,特になし,現代,西洋
leonardodv,レオナルド・ダ・ヴィンチ,ルネサンス期イタリアの万能人（普遍人）。;美術、科学、工学など多岐にわたる分野で活躍した。;人体や自然の正確な観察に基づいた知を探求した。;『モナ・リザ』や『最後の晩餐』の作者。,,特になし,近代,西洋
linne,カール・フォン・リンネ,スウェーデンの博物学者。生物分類学の父と呼ばれる。;生物の分類体系と二名法を確立した。;『自然の体系』を著し、近代生物学の基礎を築いた。,自然の体系,特になし,近代,西洋
bergson,アンリ・ベルクソン,フランスの哲学者。生の哲学（エラン・ヴィタール）を提唱した。;機械的な時間と対比される持続（デュレーション）の概念を提唱。;知性に対し、直観の重要性を説いた。;『創造的進化』で生命が絶えず発展し続けることを主張した。,創造的進化;物質と記憶,特になし,近代,西洋
huizinga,ホイジンガ,文化の本質を「遊び（ホモ・ルーデンス）」に見出しその重要性を論じた。;遊びを文化の発生原理と位置づけ、その特徴を分析した。,ホモ・ルーデンス,特になし,現代,西洋
cassirer,カッシーラー,人間を「シンボルを操る動物（アニマル・シンボリクム）」と定義した。;文化を言語や神話などの象徴形式として捉える哲学を提唱した。,人間（ひと）と文化,特になし,現代,西洋
asmith,アダム・スミス,経済学の父。自由放任主義（レッセ・フェール）を主張した。;各人の利己心は「見えざる手」によって公益をもたらすと説いた。;富の源泉は労働にあるとする労働価値説を確立した。,国富論;道徳感情論,特になし,近代,西洋
mead,ミード,自我（Self）は社会的な相互作用を通じて形成されると考えた。;自我を「I（主我）」と「Me（客我）」の構造として説明した。;「一般化された他者」の視点の取り入れを重視した。,精神・自我・社会,特になし,現代,西洋
rousseau,ルソー,人間の不平等の原因は私有財産の発生にあると考えた。;国家の目的は人民主権に基づく一般意志の実現にあるとした。;直接民主制を理想とし、権力分立を否定的に見た。,社会契約論;人間不平等起源論;エミール,特になし,近代,西洋
lewin,クルト・レヴィン,個人の行動を集団との関係で捉える場理論を提唱した。;集団の行動を研究する集団力学を創始した。;理論と実践を結びつけるアクションリサーチを確立した。,,特になし,現代,西洋
hollingworth,レタ・ステッター・ホリングワース,青年期の発達に関する教育心理学の研究に貢献した。;特に才能ある子どもへの教育（ギフト教育）の重要性を説いた。,,特になし,近代,西洋
kiley,ダン・カイリー,精神的に成長できず大人になりきれない男性を指す概念を提唱した。;その概念を「ピーターパン・シンドローム」と名付けた。,ピーターパン・シンドローム,特になし,現代,西洋
erikson,エリク・H・エリクソン,人間の発達を生涯にわたるライフサイクルとして捉えた。;青年期の発達課題をアイデンティティの確立とした。;自分探しの猶予期間をモラトリアムと呼んだ。,アイデンティティとライフサイクル,特になし,現代,西洋
aries,フィリップ・アリエス,近代以前のヨーロッパ社会には「子ども」の概念がなかったと論じた。;歴史学の視点から家族や子どもの歴史を研究した。,子どもの誕生,特になし,現代,西洋
lewin,レヴィン,社会心理学者。集団力学の研究を開始した。;場の理論（個人と環境の全体）を提唱した。,,特になし,現代,西洋
hollingworth,ホリングワース,青年期を境界人（マージナル・マン）と呼んだ。;児童と大人の間の過渡期にいる存在と指摘した。,,特になし,現代,西洋
erikson,エリクソン,ライフサイクル論（人生周期論）を提唱した。;青年期の発達課題をアイデンティティの確立とした。;自我同一性（アイデンティティ）という概念を広めた。,幼児期と社会,特になし,現代,西洋
cooley,クーリー,社会学者。第一次集団の概念を提唱した。;鏡に映る自己（ルッキンググラス・セルフ）を論じた。,,特になし,近代,西洋
piaget,ジャン・ピアジェ,子どもの認知発達段階説を確立した。;発生的認識論の確立に貢献した。;シェマや同化と調節の概念を用いた。,,特になし,現代,西洋
freud,フロイト,精神分析学の創始者として知られる。;人の心をエス・自我・超自我の三層に分類した。;夢の分析を通じて無意識の探究を行った。;リビドーや抑圧の概念を提唱した。,夢判断;精神分析入門,特になし,近代,西洋
doi,土居健郎,日本文化の精神構造を分析した精神医学者。;日本人の人間関係の特徴を「甘え」として分析した。;相互依存的な人間関係の心理的基盤を研究した。,「甘え」の構造,特になし,現代,日本
okonogi,小此木啓吾,日本の精神分析学者。;青年の発達課題としてモラトリアムの概念を広めた。;社会的責任の猶予期間としてのモラトリアムを論じた。,,特になし,現代,日本
kawai,河合隼雄,日本初のユング派分析家。;臨床心理学の分野で活躍した。;日本神話や童話の分析を通して中空構造を提唱した。,中空構造日本の深層,特になし,現代,日本
maslow,マズロー,人間性心理学の代表的な提唱者。;人間の欲求を五段階の階層として示した。;人間の最も高次の欲求は自己実現であるとした。,,特になし,現代,西洋
spranger,シュプランガー,個人の価値志向性に基づき人格を分類する価値類型論を提唱した。;人間の生活態度を6つの類型に分類した。;理論型、経済型、審美型、社会型、権力型、宗教型の6類型を提示した。,,特になし,現代,西洋
kretschmer,クレッチマー,体型と気質の関連性に着目した体格・気質類型論を提唱した。;体型を細長型、肥満型、闘士型に分類した。;細長型は分裂気質、肥満型は循環気質と関連づけた。,,特になし,現代,西洋
jung,ユング,集合的無意識や元型（アーキタイプ）の概念を提唱した。;性格を内向型と外向型に分類するタイプ論を提示した。;フロイトから離れ、分析心理学を確立した。,心理学的類型,特になし,現代,西洋
adler,アドラー,フロイトの理論から離れ、個人心理学（目的論）を創始した。;劣等感を克服しようとする努力が人間の行動の動機であるとした。;健全な人格形成には共同体感覚が不可欠であると説いた。,,特になし,現代,西洋
allport,オルポート,パーソナリティを特性（トレイト）の複合体として捉える特性論を提唱した。;成熟した人格の特徴として「自己の拡大」などを挙げた。;人間の性格を理解するための特性論的アプローチを展開した。,,特になし,現代,西洋
frankl,フランクル,アウシュヴィッツ体験からロゴセラピーを創始。;意味への意志が人間を支えると説いた。,夜と霧,特になし,現代,西洋
james,ジェームズ,プラグマティズムの代表者で真理の有用性を説いた。;情動の身体的変化が情動体験に先行すると主張した。,プラグマティズム,特になし,近代,西洋
lange,ランゲ,ジェームズと独立に情動理論（ジェームズ＝ランゲ説）を提唱。;身体的変化が情動の原因であると主張した。,,特になし,近代,西洋
cannon,キャノン,情動発生に関するキャノン＝バード説を提唱した。;情動と身体反応は視床からの刺激により同時に発生するとした。,,特になし,近代,西洋
bard,バード,キャノンと共にキャノン＝バード説を確立した。;情動体験と身体変化が同時に起こることを提唱した。,,特になし,近代,西洋
schachter,シャクター,感情の二要因説（情動の認知説）を提唱した。;感情は身体的覚醒とそれを説明する認知により生じる。,,特になし,現代,西洋
singer,シンガー,功利主義の立場から実用倫理を提唱した。;種差別（specism）を批判し、動物の解放を主張した。;富裕国による貧困国への援助の義務を説いた。,実用倫理;動物の解放,特になし,現代,西洋
darwin,ダーウィン,自然選択説に基づく進化論を提唱した。;『種の起源』で生物の進化のメカニズムを説明した。;『人及び動物の表情について』で感情の普遍性を考察した。,種の起源,特になし,近代,西洋
ekman,エクマン,人間の表情と感情の普遍性を研究した。;喜びや怒りなど、いくつかの基本感情を提唱した。,,特になし,現代,西洋
russell,ラッセル,論理学や分析哲学に大きな貢献を果たした。;科学的ヒューマニズムの立場から社会を論じた。;平和運動、反核運動に積極的に関与した。;理想国家建設のために教育の重要性を強調した。,幸福の征服,特になし,近代,西洋
kohlberg,コールバーグ,ピアジェの理論を発展させ道徳性の発達段階を研究した。;道徳性ジレンマを用いて研究を進めた。;道徳性の発達を3水準6段階のモデルで示した。;最高段階を普遍的倫理的原理の段階とした。,,特になし,現代,西洋
saint_exupery,サン・テグジュペリ,フランスの作家であり飛行家。ヒューマニズムを説いた。;責任や愛に基づく倫理的な生き方を追求した。;「大切なものは目に見えない」という言葉で知られる。,星の王子さま;夜間飛行,特になし,現代,西洋
kamiya_mieko,神谷美恵子,精神科医としてハンセン病療養所で長く医療活動を行った。;人間の生きがいや内面の自由について深く考察した。;苦しみや病いの中にこそ生きる意味を見出すことを示した。,生きがいについて,特になし,現代,日本
homeros,ホメロス,古代ギリシャ最大の詩人。英雄叙事詩を著したとされる。;この叙事詩が当時のギリシャ人の教科書的な役割を果たした。;英雄の徳である名誉、勇気、力などを描いた。,イリアス;オデュッセイア,特になし,古代,西洋
hesiodos,ヘシオドス,古代ギリシャの詩人。農民の視点から倫理観を提示した。;労働や正義、勤勉の大切さを教訓的に説いた。;正義の女神ディケの存在を重視した。;神々や世界の起源について記述した。,労働と日々;神統記,特になし,古代,西洋
thales,タレス,万物の根源(アルケー)は水であるとした。;「哲学の祖」と呼ばれる。;ミレトス学派に属する自然哲学者。,,特になし,古代,西洋
heraclitus,ヘラクレイトス,万物の根源(アルケー)を火とした。;「万物は流転する（パンタ・レイ）」を説いた。;対立物の闘争によって世界が支配されると考えた。,,特になし,古代,西洋
pythagoras,ピュタゴラス,万物の根源(アルケー)は数であるとした。;魂の輪廻転生を説き、禁欲的な生活を重視した。;調和と秩序を数学的原理に見出した。,,特になし,古代,西洋
parmenides,パルメニデス,「ある」ものは不動、不変であり、運動や変化を否定した。;真実の認識は感覚ではなく理性によってのみ可能とした。;エレア学派の創始者。,,特になし,古代,西洋
empedocles,エンペドクレス,万物の根源を火・空気・水・土の四元素とした。;四元素が愛(フィリア)と憎(ネィコス)の力で結合・分離するとした。;感覚器官から入る情報が認識の源泉と考えた。,,特になし,古代,西洋
protagoras,プロタゴラス,「人間は万物の尺度である」という相対主義を主張した。;知識や真理は相対的であり、絶対的真理を否定した。;対価を得て知識や弁論術を教えるソフィストの一人。,,特になし,古代,西洋
gorgias,ゴルギアス,ソフィストであり、弁論術（レトリック）の大家。;「何ものも存在しない」という極端な懐疑論を主張した。;存在、認識、伝達の不可能性を説いた。,,特になし,古代,西洋
cicero,キケロ,共和政末期のローマの政治家、弁論家。;ストア派などのヘレニズム哲学をローマに導入した。;万人に共通する自然法思想を重視した。,義務について,特になし,古代,西洋
seneca,セネカ,ローマ帝政期に活躍したストア派の哲学者。;「自然に従って生きる」ことを最高の善とした。;感情を理性の力で抑制することの重要性を説いた。;コスモポリテース（世界市民主義）を主張した。,幸福な生について;倫理書簡集,特になし,古代,西洋
plotinus,プロティノス,新プラトン主義（ネオプラトニズム）の創始者。;世界の根源を「一者（ト・ヘン）」とした。;一者からヌースやプシュケーが流出すると説いた。;観想（テオーリア）による一者との合一を目指した。,エンネアデス,特になし,古代,西洋
nagarjuna,ナーガールジュナ,大乗仏教の思想家で、龍樹とも呼ばれる。;空の思想を確立し、初期仏教の「無我」を深めた。;一切の存在は固有の実体を持たない（自性を持たない）と説いた。;空とは縁起の理法を徹底的に究明した結果である。,中論,仏教,古代,東洋
asanga,アサンガ,無著とも呼ばれ、弟の世親とともに唯識思想を確立した。;すべての現象は心の働き（識）のみによって成り立っているとする。;アーラヤ識（蔵識）を根本的な識として提唱した。,,仏教,古代,東洋
vasubandhu,ヴァスバンドゥ,世親とも呼ばれ、兄の無著とともに唯識思想を大成した。;唯識三十頌や唯識二十頌を著し、唯識思想の普及に貢献した。;初期仏教の立場から『倶舎論』を著したが後に大乗に転じた。,唯識三十頌;倶舎論,仏教,古代,東洋
zhuxi,朱子,中国南宋時代の儒学者で、朱熹とも呼ばれる。;理気二元論を説き、理が万物の根源で法則であるとした。;性即理（人の本性は理である）を主張した。;居敬窮理（日常生活の中で理を極めること）を修養法とした。;四書（論語、孟子、大学、中庸）を重視した。,四書集注,特になし,中世,東洋
wangyangming,王陽明,朱子学の格物致知を批判し、心に理があると説いた。;「心即理」（心こそ理である）を唱えた。;「致良知」（良知を極限まで発揮すること）を実践の目的とした。;「知行合一」（知識と実践は一体である）を説いた。,伝習録,特になし,近代,東洋
shotokutaishi,聖徳太子,冠位十二階を定め、能力主義的な官僚制度を整備した。;「和を以て貴しとなす」で始まる十七条の憲法を制定した。;遣隋使を派遣し、国際的な視野を取り入れた。;法華経、維摩経、勝鬘経の三経義疏を著したとされる。,十七条の憲法;三経義疏,仏教,古代,日本
murokyuso,室鳩巣,江戸時代中期の朱子学者で、幕府の儒官として仕えた。;将軍徳川吉宗に重用され、政治的な助言を行った。;荻生徂徠の古学派の説を厳しく批判した。;庶民教化のために『六諭衍義大意』を著した。,六諭衍義大意,特になし,近代,日本
nansonbaikan,南村梅軒,日本に陽明学を伝えた最初期の人物とされる。;薩摩藩を中心に陽明学を広めた。;中江藤樹の思想に影響を与えた人物の一人である。,,特になし,近代,日本
satonaokata,佐藤直方,江戸時代中期の朱子学者で、山崎闇斎の門下である。;山崎闇斎門下で垂加神道四傑の一人に数えられた。;師の垂加神道における排仏論的な傾向を批判した。;神道よりも儒教の教えを重んじる姿勢を示した。,,特になし,近代,日本
asamikeisai,浅見絅斎,山崎闇斎の崎門学派に属する儒学者である。;朱子学の「敬」の思想を厳格に継承した。;義を重んじ、日本の神道と儒教の融合を図った。,靖献遺言,儒教,近代,日本
oshioheihachiro,大塩平八郎,陽明学を深く学び、知行合一の実践を重んじた。;天保の大飢饉に際し、貧民救済のため蜂起した。;著書で陽明学の真髄を説いたことで知られる。,洗心洞箚記,特になし,近代,日本
yamagatabanto,山片蟠桃,大阪の学問所である懐徳堂で学んだ思想家。;合理的思想に基づき神仏や霊魂の存在を否定した。;『夢の代』で世界の地理や歴史について論じた。,夢の代,特になし,近代,日本
aizawaseishisai,会沢正志斎,水戸学を代表する儒学者の一人である。;『新論』を著し、尊王攘夷思想の理論的支柱となった。;日本の独自性を示す「国体」の思想を確立した。,新論,儒教,近代,日本
ogatakoan,緒方洪庵,蘭学医であり、西洋医学の導入と普及に尽力した。;大阪に蘭学塾「適塾」を開き、多くの俊才を育成した。;西洋の臨床医学書を邦訳したことで知られる。,扶氏経験遺訓,特になし,近代,日本
moriarinori,森有礼,明六社の設立に尽力し、初代文部大臣を務めた。;国家主義的な教育制度の確立に貢献した。;『契約結婚』を行ったことで知られる。;学校令を制定し、近代的学校体系を整備した。,,特になし,近代,日本
nishiamane,西周,幕府の派遣留学生としてオランダで西洋法学を学んだ。;「哲学」「理学」「芸術」などの訳語を創出した。;明六社の中心メンバーとして啓蒙活動を行った。;著書『百一新論』で知識を「知徳才」に分類した。,百一新論,特になし,近代,日本
nakamuramasanao,中村正直,スマイルズの『自助論』を『西国立志編』として翻訳した。;ミルの『自由論』を『自由之理』として翻訳した。;儒教的な道徳観念と立身出世の思想を融合させた。;明六社に参加し、女性の教育の重要性を説いた。,西国立志編;自由之理,特になし,近代,日本
tsudamamichi,津田真道,「権利」「義務」「法学」などの訳語を創出した。;幕府派遣の留学生としてオランダで法学を学んだ。;日本の近代法整備に大きな貢献を果たした。;明六社の設立に参画した啓蒙思想家である。,,特になし,近代,日本
tanakashozo,田中正造,足尾銅山鉱毒事件の被害者救済に尽力した。;衆議院議員を辞職し、明治天皇に直訴を行った。;公害問題と環境倫理の先駆者として知られる。;谷中村の強制廃村に強く反対した。,,特になし,近代,日本
uemuram,植村正久,日本におけるプロテスタント教会の指導者。;東京に富士見町教会を設立した。;『福音新報』を発刊し、キリスト教の普及に尽力した。,,キリスト教（プロテスタント）,近代,日本
katoh,加藤弘之,明治初期の啓蒙思想家で政治学者。;初期には天賦人権論を主張したが後に否定に転じた。;進化論に基づき人権の普遍性を否定した『人権新説』を著した。,国体新論;人権新説,特になし,近代,日本
kugak,陸羯南,ジャーナリスト、評論家。;新聞『日本』を創刊し、国民主義を主張した。;「独立自尊」を掲げ、欧化主義に対抗した。;国粋主義を標榜する政教社の活動に深く関わった。,,特になし,近代,日本
okakurat,岡倉天心,美術史家、美術評論家。;英文著作『茶の本』で日本の文化を紹介した。;「アジアは一つ」という汎アジア主義的な視点を示した。;ボストン美術館東洋部長を務めた。,茶の本;東洋の覚醒,特になし,近代,日本
shigas,志賀重昂,地理学者、評論家、国粋主義者。;『日本人』を発刊した政教社の同人である。;日本の風土の優位性を強調した『日本風景論』を著した。,日本風景論,特になし,近代,日本
kitaikki,北一輝,二・二六事件の理論的指導者とされた国家社会主義者。;私有財産の制限や軍部独裁の思想を説いた。;天皇制を利用した社会変革を主張した。,日本改造法案大綱,特になし,近代,日本
kinoshitanaoe,木下尚江,キリスト教人道主義に基づく社会主義者。;日露戦争反対を主張した非戦論者の一人。;足尾銅山鉱毒事件を扱った小説『火の柱』を著した。,火の柱;良人の自白,キリスト教,近代,日本
fukudaeiko,福田英子,景山英子の名でも知られる自由民権運動家。;女性の政治結社である愛国婦人会設立に参加した。;『世界婦人』を創刊し婦人参政権を主張した。,わが行くて,特になし,近代,日本
ishibashitanzan,石橋湛山,大正デモクラシー期に活躍したジャーナリスト。;植民地放棄を主張する小日本主義を唱えた。;戦後、内閣総理大臣も務めた。,,特になし,近代,日本
ishikawatakuboku,石川啄木,明治時代後期の社会主義思想に傾倒した歌人。;生活の苦悩や貧困を主題とした短歌を詠んだ。;『一握の砂』や『悲しき玩具』を出版した。,一握の砂;悲しき玩具,特になし,近代,日本
arishimatakeo,有島武郎,白樺派の作家でキリスト教的人道主義を基調とした。;自我の解放や社会矛盾を描いた作品を残した。;代表作に、愛のあり方を問う『或る女』がある。;「惜しみなく愛は奪う」という一文で有名である。,或る女;カインの末裔,特になし,近代,日本
shiganaoya,志賀直哉,白樺派の中心的作家で芸術至上主義を追求した。;自然や芸術の中に生の充足を見出す生の肯定が特徴。;父との葛藤と和解を描いた『和解』を発表した。;代表作は長編小説『暗夜行路』である。,暗夜行路;和解,特になし,近代,日本
mikikiyoshi,三木清,京都学派に属し、西田幾多郎に師事した哲学者。;ハイデガー哲学の解釈を通じて「構想力の論理」を提唱した。;獄中で執筆された随筆集『人生論ノート』で知られる。,人生論ノート;構想力の論理,特になし,近代,日本
suzukidaisetsu,鈴木大拙,禅思想を世界に紹介し、世界的名声を得た仏教学者。;禅の悟りを西洋に伝え、禅の精神的実践の意義を強調した。;著書『日本的霊性』で日本文化の根底を探求した。,禅と日本文化;日本的霊性,仏教,近代,日本
kukishuzo,九鬼周造,京都学派の哲学者で西田幾多郎に師事した。;日本の伝統的な美意識である「いき」を哲学的に分析した。;『「いき」の構造』で「いき」をあで、こび、すいで説明した。;西洋哲学のベルクソンやハイデガーを研究した。,いきの構造;偶然性の問題,特になし,近代,日本
yanagitak,柳田國男,日本の固有信仰である常民の生活文化を研究した。;日本民俗学の創始者とされる。;失われた日本の伝統的な共同体意識を追求した。,遠野物語;海南小記,特になし,現代,日本
miyazawak,宮沢賢治,自己犠牲の精神に基づく「真の幸福」を追求した。;法華経の精神に深く帰依し、農民の生活改善を目指した。;自らの理想郷「イーハトーブ」を構想した。,雨ニモマケズ;銀河鉄道の夜;農民芸術概論綱要,仏教,現代,日本
sakaguchia,坂口安吾,無頼派を代表し、旧来の価値観や道徳を徹底的に批判した。;人間は「堕落」することで真の自己を確立できるとした。;虚偽を排し、人間が生きる「実相」を見つめることを求めた。,堕落論;白痴,特になし,現代,日本
katosh,加藤周一,文明批評家として、日本人論や文化論を展開した。;「雑種文化」論を提唱し、日本の文化受容の特徴を指摘した。;権力やイデオロギーからの自立を重視した。,日本文学史序説;羊の歌,特になし,現代,日本
karakij,唐木順三,戦争体験を踏まえ、人間の「無常」を深く考察した。;西田哲学の影響を受け、実存的な問題に取り組んだ。;「中世的なもの」の発見を通じて日本人の精神構造を論じた。,無常;「中世的なもの」の発見,特になし,現代,日本
dante,ダンテ,中世的世界観の集大成を成し遂げたイタリアの詩人。;叙事詩を通じてスコラ学的な世界観を描写した。;中世からルネサンスへの過渡期に活躍した。,神曲,キリスト教,中世,西洋
pico,ピコ・デラ・ミランドラ,人間の自由意志と尊厳を強調したルネサンス思想家。;人間は天使にも獣にもなりうる無限の可能性を持つとした。;『人間の尊厳について』を記し、人間の優越性を説いた。,人間の尊厳について,キリスト教,近代,西洋
machiavelli,マキャベリ,政治を倫理や宗教から切り離して現実的に考察した思想家。;権力獲得・維持のためには非道徳的な手段も許容されるとした。;イタリアの都市国家フィレンツェの外交官を務めた。,君主論,特になし,近代,西洋
erasmus,エラスムス,「人文主義の王」と呼ばれたオランダ出身のルネサンス学者。;世俗化した教会を風刺し、キリスト教本来の精神を求めた。;聖書の原典研究を通じて聖書主義的な考えを促進した。,愚神礼讃;自由意志論,キリスト教,近代,西洋
luther,ルター,ドイツの神学者で、宗教改革を開始した中心人物。;免罪符販売を批判し、95ヶ条の論題を発表した。;人は信仰のみによって救われるとする信仰義認説を提唱した。;聖書のみを信仰のよりどころとする聖書主義を主張した。,キリスト者の自由,キリスト教,近代,西洋
calvin,カルヴァン,予定説を唱え、救いの有無は神によって定められているとした。;職業を神から与えられた天職（召命）として重要視した。;プロテスタントの一派としてスイスのジュネーブで宗教改革を行った。,キリスト教綱要,キリスト教,近代,西洋
more,トマス・モア,私有財産制を否定し、理想社会を描いた『ユートピア』を著した。;イギリスのヘンリー8世に仕えた政治家・人文主義者。;王の離婚問題に反対し、非国教徒として処刑された。,ユートピア,カトリック,近代,西洋
petrarca,ペトラルカ,ルネサンスの先駆者の一人で、古代文化を再評価した。;『抒情詩集』を著し、人間性の探求を深めた。;しばしば「人文主義の父」と呼ばれる。,抒情詩集,特になし,中世,西洋
boccaccio,ボッカチオ,ルネサンス期イタリアの作家で『デカメロン』を著した。;ペスト流行下のフィレンツェを舞台に物語を書いた。;人間の本能的な欲望や生の肯定を表現した。,デカメロン,特になし,中世,西洋
michelangelo,ミケランジェロ,ルネサンス盛期のイタリアの彫刻家、画家、建築家。;ヴァチカンのシスティーナ礼拝堂の天井画を描いた。;代表作に『ダヴィデ像』や『最後の審判』がある。,,特になし,近代,西洋
copernicus,コペルニクス,地球が太陽の周りを回る地動説（太陽中心説）を提唱した。;それまでのプトレマイオスの天動説を覆した。,天球の回転について,特になし,近代,西洋
galileo,ガリレオ・ガリレイ,望遠鏡を用いて木星の衛星や金星の満ち欠けを発見した。;地動説を支持し、宗教裁判で異端の疑いを受けた。;実験と数理的考察により、近代科学の方法を確立した。,新しき二科学対話;星界の報告,特になし,近代,西洋
kepler,ケプラー,惑星が太陽の周りを楕円軌道で回る「ケプラーの法則」を発見した。;ティコ・ブラーエの精密な観測データを利用した。,,特になし,近代,西洋
newton,ニュートン,万有引力の法則を発見し、天体と地上の運動を統一的に説明した。;微積分法を創始し、古典力学体系を完成させた。,プリンキピア（自然哲学の数学的原理）,特になし,近代,西洋
bacon,ベーコン,経験論の祖とされ、「知は力なり」と主張した。;四種のイドラ（偶像）を取り除くことが必要だと論じた。;帰納法に基づく新しい科学の方法を提唱した。,ノヴム・オルガヌム（新機関）,特になし,近代,西洋
ruthbenedict,ベネディクト,アメリカの文化人類学者。;第二次世界大戦中、日本文化の構造を研究した。;日本を「恥の文化」と定義し、西洋の「罪の文化」と対比させた。;文化を特定の価値観に基づくパターン（型）として捉えた。,菊と刀,特になし,現代,西洋
linne,リンネ,スウェーデンの博物学者。;生物の分類学を確立した。;生物の種を属名と種小名で表す二名法を確立した。;主要著作は『自然の体系』である。,自然の体系,特になし,近代,西洋
bergson,ベルクソン,知性による空間的・量的な時間とは異なる持続（デュレ）を主張した。;生命や創造の根源的な力を生の飛躍（エラン・ヴィタール）と呼んだ。;知性に対して直感（アンテュイシオン）の優位を主張した。;閉じた道徳と開かれた道徳を対比した。,創造的進化;道徳と宗教の二源泉,特になし,近代,西洋
gautamasiddhartha,ガウタマ・シッダールタ,苦の原因は煩悩であり、それを滅することで悟りを得る。;諸行無常、諸法無我、一切皆苦を説く。;縁起の理法を悟り、中道としての八正道を説いた。;四諦（苦集滅道）の教えを説いた。,,仏教,古代,東洋
kageyamaeiko,景山英子,自由民権運動の女性解放運動家。;女性の地位向上と参政権獲得を目指した。;福田英子として知られ、社会主義運動にも関わった。,妾の半生涯;世界婦人,特になし,近代,日本
locke,ロック,自然権として生命・自由・財産の権利を不可譲とした。;国家権力に対して抵抗権（革命権）を認めた。;統治権を立法権と執行権に分立することを主張した。;名誉革命を理論的に擁護した市民政府論を展開した。,統治二論;人間悟性論,特になし,近代,西洋
berkeley,バークリー,「存在するとは知覚されることである」（esse est percipi）を主張。;物質の実在性を否定し、観念だけが実在するとした。;神の精神こそが万物を知覚していると説明した。,人知原理論,特になし,近代,西洋
hume,ヒューム,徹底した懐疑論によりイギリス経験論を完成させた。;知覚内容を印象と観念に分類した。;因果関係の必然性を否定し、単なる習慣や信仰とした。;事実は「である」と「べき」の混同を批判した（ヒュームの法則）。,人間本性論;人性論,特になし,近代,西洋
descartes,デカルト,すべての知識を疑う方法的懐疑を提唱した。;「われ思う、ゆえにわれあり」を哲学の第一原理とした。;精神と物体を独立した実体とする心身二元論を主張した。,方法序説;省察,特になし,近代,西洋
spinoza,スピノザ,世界を唯一の実体である神即自然（パン・テイズム）と捉えた。;デカルトの二元論を批判し、一元論の立場を確立した。;理性に従い必然性を認識することで真の自由を得ると説いた。,エチカ,特になし,近代,西洋
leibniz,ライプニッツ,世界の究極的構成要素を精神的実体であるモナド（単子）とした。;モナド間に相互作用はないが予定調和によって秩序づけられる。;この世界を「可能なる限りの最善の世界」であると主張した。,モナドロジー,特になし,近代,西洋
montaigne,モンテーニュ,エセー（随筆）という形式を確立し自己探求を行った。;懐疑主義的な立場から「私は何を知るか？」と問い続けた。;人間の有限性を自覚し、寛容な精神を重んじた。,エセー（随想録）,特になし,近代,西洋
pascal,パスカル,人間を「考える葦」であるとし、悲惨さと偉大さを指摘した。;理性だけでなく「le coeur（心）」による認識の重要性を説いた。;幾何学的精神と繊細の精神を区別した。,パンセ,特になし,近代,西洋
hobbes,ホッブズ,自然状態を「万人の万人に対する闘争」と規定した。;自己保存のため国家に全権を譲渡する社会契約説。;絶対的な主権を持つ国家をリヴァイアサンと呼んだ。;国家の成立により平和と安全が保証されるとした。,リヴァイアサン,特になし,近代,西洋
kant,カント,道徳法則の自律に従う定言命法が善の行為であるとした。;動機説を唱え、義務感からの行為こそ道徳的価値を持つ。;人間を目的として扱い、単なる手段として扱ってはならない。;世界市民的な状態を目指した『永遠平和のために』を著した。,純粋理性批判;実践理性批判;永遠平和のために,特になし,近代,西洋
fichte,フィヒテ,ドイツ観念論の代表者の一人である。;自我の活動によって世界が構成されるとした。;『ドイツ国民に告ぐ』でドイツ民族の覚醒を訴えた。;カントの哲学を発展させ自我の絶対的優位を強調した。,学問論;ドイツ国民に告ぐ,特になし,近代,西洋
schelling,シェリング,ドイツ観念論の一人で、自然哲学を体系化した。;自然と精神を統一する根源を絶対者と呼んだ。;芸術を絶対者を直観する最高の手段とみなした。;フィヒテの主観的観念論を批判し客観的観念論を主張した。,,特になし,近代,西洋
hegel,ヘーゲル,絶対精神が弁証法的に自己展開することで歴史が進むと考えた。;人倫を家族、市民社会、国家の三段階で構成されるとした。;理性の狡知により、個人の欲望実現を通じて普遍的なものが実現する。,精神現象学;法の哲学,特になし,近代,西洋
bentham,ベンサム,「最大多数の最大幸福」を原理とする功利主義を提唱した。;快楽と苦痛を量的に計算する快楽計算を導入した。;人間の行為の善悪は、もたらす幸福の量によって決まる。,道徳および立法の諸原理序説,特になし,近代,西洋
mill,ミル,精神的な快楽を重視する質の功利主義を主張した。;「満足した豚であるより、不満足な人間であるほうが良い」と述べた。;他人に危害を加えない限り、個人の自由を最大限尊重すべきだとした。,功利主義;自由論,特になし,近代,西洋
dewey,デューイ,知識は問題解決のための道具であるとする道具主義を提唱した。;思考は経験の中で生じた問題を解決するための探求活動である。;民主主義を単なる政治形態ではなく生活様式として捉えた。,民主主義と教育;経験と自然,特になし,現代,西洋
comte,コント,実証的な知識のみを信頼する実証主義を確立した。;人類の知的発展は三段階の法則に従うとした。;神学的段階、形而上学的段階を経て、実証的段階へ移行するとした。;社会学を確立し、社会の科学的な把握を目指した。,実証哲学講義,特になし,近代,西洋
spencer,スペンサー,社会進化論を唱え、社会現象を生物学的に説明した。;「適者生存」の語をダーウィンよりも早く使用したとされる。;自由放任主義（レッセ・フェール）を強く主張した。,総合哲学体系,特になし,近代,西洋
owen,オーウェン,イギリスの空想的社会主義者（初期社会主義者）。;工場経営者として、労働者の環境改善に尽力した。;アメリカで理想的な協同体「ニューハーモニー」を試みた。,新社会観,特になし,近代,西洋
saintsimon,サン・シモン,フランスの空想的社会主義者（初期社会主義者）。;生産者である産業階級が社会を指導すべきと主張した。;労働を義務とする「新キリスト教」の思想を提唱した。,新キリスト教,特になし,近代,西洋
fourier,フーリエ,フランスの空想的社会主義者（初期社会主義者）。;協同組合的な理想社会「ファランジュ」を提唱した。;共同住宅である「ファランステール」をその拠点とした。;人間の「情念の引力」に基づく社会調和を目指した。,,特になし,近代,西洋
marx,マルクス,エンゲルスと共に科学的社会主義を確立した。;唯物史観（史的唯物論）を提唱し、社会変革を説いた。;資本主義の構造を分析し、剰余価値説を唱えた。,資本論;共産党宣言,特になし,近代,西洋
bernstein,ベルンシュタイン,マルクス主義の教条的解釈を修正した修正主義を提唱した。;暴力革命ではなく、議会を通じて漸進的な社会改良を主張した。;「最終目標はすべてではない。運動こそがすべてである」と述べた。,社会主義の諸前提と社会民主主義の任務,特になし,近代,西洋
webb_couple,ウェッブ夫妻,社会主義の漸進的実現を目指すフェビアン協会の中心人物。;社会主義実現のために、調査研究と啓蒙活動を重視した。;イギリス労働党の政策立案に大きく貢献した。,,特になし,近代,西洋
shaw,バーナード・ショウ,アイルランド出身の劇作家であり、ノーベル文学賞を受賞。;社会主義を主張するフェビアン協会の有力メンバーとして活躍。;戯曲を通じて社会の矛盾や倫理的課題を風刺的に扱った。,,特になし,近代,西洋
sun_yat_sen,孫文,清朝を打倒した辛亥革命を指導した革命家。;中華民国の建国に貢献し、臨時大総統に就任。;民族の独立、民権の伸張、民生の安定を掲げた三民主義を提唱。,三民主義,特になし,近代,東洋
lenin,レーニン,ロシア革命を指導し、ソヴィエト連邦建国の指導者となった。;マルクス主義に基づき、暴力革命によるプロレタリア独裁を主張。;プロレタリアートの前衛党による革命の必要性を説いた。,帝国主義論;国家と革命,特になし,近代,西洋
mao,毛沢東,中華人民共和国を建国した中国共産党の指導者。;マルクス・レーニン主義を中国の現実に適用した。;文化大革命や大躍進政策を主導した。,毛沢東語録,特になし,現代,東洋
kierkegaard,キルケゴール,実存哲学の先駆者で、ヘーゲルの思弁哲学を批判した。;美的な実存、倫理的な実存、宗教的な実存の三段階を提示。;神の前に単独者として立つことを重視し、選択を迫った。,あれか、これか;死に至る病,キリスト教,近代,西洋
nietzsche,ニーチェ,「神は死んだ」と宣言し、キリスト教的価値の没落を説いた。;ヨーロッパのニヒリズム克服のため超人思想を提唱。;権力への意志（力への意志）を主張し、永遠回帰を説く。,ツァラトゥストラはこう語った;悲劇の誕生,特になし,近代,西洋
jaspers,ヤスパース,実存哲学の代表者で、コミュニケーションを重視した。;人間が向き合う死や苦しみなどの限界状況を追究。;超越者との関係の中で本来の実存を把握しようとした。,哲学;理性と実存,特になし,現代,西洋
heidegger,ハイデガー,現存在（ダーザイン）の分析から存在の意味を追究した。;人間を「死への存在」として規定し、不安を実存の根拠とする。;本来的な自己と非本来的な自己のあり方を論じた。,存在と時間,特になし,現代,西洋
sartre,サルトル,実存は本質に先立つという実存主義を確立した;人間は自由の刑に処せられていると述べた;アンガージュマン（社会参加）を主張した,存在と無;実存主義はヒューマニズムであるか,特になし,現代,西洋
beauvoir,ボーヴォワール,実存主義の視点から女性の解放を論じた;人は女に生まれるのではない、女になるのだと主張した;女性を「第二の性」として他者化されていると指摘した,第二の性,特になし,現代,西洋
marcel,マルセル,カトリック的実存主義者;問題と神秘を区別し、神秘を強調した;所有（持つ）と存在（ある）の対立から人間を論じた,,カトリック,現代,西洋
camus,カミュ,世界の不条理（アブシュルド）を主要テーマとした;不条理を意識しつつ反抗（レヴォルト）して生きることを説いた;不条理の英雄としてシシュフォスを描いた,異邦人;ペスト;シーシュポスの神話,特になし,現代,西洋
husserl,フッサール,現象学の創始者;「事象そのものへ」をスローガンとした;判断停止（エポケー）により本質直観を目指した;意識は常に何かの意識である（志向性）,ヨーロッパ諸学の危機と超越論的現象学,特になし,現代,西洋
merleduponty,メルロ=ポンティ,身体が世界に志向的に関わるあり方を現存在として捉えた。;身体を通して世界を認識する知覚の優位を主張した。;自己と世界を結びつける世界の肉の概念を提唱した。,知覚の現象学,特になし,現代,西洋
schweitzer,シュヴァイツァー,倫理の根本原理として生命への畏敬を提唱した。;すべての生命が生きようとする意志を持つことを認めた。;アフリカのランバレネで医療活動に従事した。,文化の哲学,キリスト教,近代,西洋
gandhi,ガンディー,インド独立運動を指導した。;非暴力（アヒンサー）の精神を基盤とした。;非暴力不服従（サティヤーグラハ）を実践した。;不可触民の解放運動に尽力し、彼らをハリジャンと呼んだ。,,ヒンドゥー教,現代,東洋
king,キング,アメリカの公民権運動を指導した。;ガンディーの思想を参考に非暴力抵抗を貫いた。;モンゴメリー・バス・ボイコット事件を指導した。;人種差別の撤廃を訴えた「私には夢がある」の演説を行った。,,キリスト教,現代,西洋
motherteresa,マザー・テレサ,インドのコルカタで貧しい人々の奉仕に生涯を捧げた。;「神の愛の宣教者会」を設立した。;1979年にノーベル平和賞を受賞した。,,カトリック,現代,西洋
fromm,フロム,現代における孤独の克服のために愛の技術の習得を説いた。;自由から逃走し権威に依存する現代人の心理を分析した。;社会心理学者としてフランクフルト学派に関わった。,自由からの逃走;愛するということ,特になし,現代,西洋
horkheimer,ホルクハイマー,フランクフルト学派の中心的人物であり道具的理性を批判した。;アドルノと共同で「啓蒙の弁証法」を著した。;批判理論の中心的人物として社会の構造的問題を分析した。,啓蒙の弁証法,特になし,現代,西洋
adorno,アドルノ,近代社会の「文化産業」による大衆操作を批判した。;ホルクハイマーと共同で「啓蒙の弁証法」を著した。;フランクフルト学派の主要メンバーとして批判理論を展開した。,啓蒙の弁証法,特になし,現代,西洋
habermas,ハーバーマス,フランクフルト学派の第二世代の哲学者である。;理性による対話を通じた合意形成の可能性を追求した。;理想的な対話状況を重視し、公共圏の再建を目指した。,コミュニケイション的行為の理論,特になし,現代,西洋
arendt,ハンナ・アーレント,全体主義の構造を分析し、その本質を考察した。;「悪の凡庸さ」という概念で、アイヒマンの裁判を分析した。;人間の活動を労働・仕事・活動の三つに分類した。;公共的領域における対話的行為としての「活動」（アクション）を重視した。,全体主義の起源;人間の条件,特になし,現代,西洋
levinas,レヴィナス,「顔」との出会いから生じる倫理的な責任を論じた。;「他者」を自己の把握を超える超越的な存在として捉えた。;自己の存在論を超えた、他者への無限の責任を強調した。,全体性と無限,特になし,現代,西洋
levistrauss,レヴィストロース,構造主義の創始者とされるフランスの人類学者。;未開社会の親族関係や神話の根底にある普遍的な構造を分析した。;文化の根底には二項対立的な無意識の構造があると主張した。;『野生の思考』において未開人の思考の合理性を指摘した。,親族の基本構造;野生の思考,特になし,現代,西洋
foucault,フーコー,権力は抑圧的ではなく生産的なネットワークとして機能すると論じた。;知と権力が不可分に結びついている（知＝権力）と指摘した。;監視社会における「パノプティコン」の仕組みを分析した。;「狂気」や「性」といった概念が歴史の中で構築された過程を研究した。,監獄の誕生;性の歴史,特になし,現代,西洋
saussure,ソシュール,現代言語学の祖とされ、構造主義に大きな影響を与えた。;言語を「ラング」（社会規範）と「パロール」（個別使用）に区別した。;シニフィアンとシニフィエの関係は恣意的であると論じた。;言語は記号間の差異の体系として成立するとした。,一般言語学講義,特になし,近代,西洋
althusser,アルチュセール,「資本論」を科学とイデオロギーの観点から構造主義的に再解釈した。;イデオロギーが主体を形成する過程を「呼びかけ」として説明した。;国家の再生産を行う装置としてイデオロギー的国家装置（ISA）を提示した。,資本論を読む;イデオロギーと国家のイデオロギー諸装置,特になし,現代,西洋
lacan,ラカン,フロイトの精神分析を構造主義的な言語論によって再解釈した。;人間の自我が形成される過程を「鏡像段階」として説明した。;人間存在を「想像界」「象徴界」「現実界」の三界によって捉えた。,エクリ,特になし,現代,西洋
wittgenstein,ウィトゲンシュタイン,『論理哲学論考』において世界と言語の関係を考察した。;後期では言語の意味は使用法にあるとする「言語ゲーム」を提唱した。;本質は存在せず、異なる事柄が関連付けられるのは「家族的類似」による。,論理哲学論考;哲学探究,特になし,現代,西洋
kuhn,クーン,科学研究の規範となる共通の枠組みを「パラダイム」と呼んだ。;通常科学が危機に直面すると「科学革命」が起きると論じた。;科学の発展は直線的累積的ではないという非連続性を主張した。,科学革命の構造,特になし,現代,西洋
quine,クワイン,知識全体を経験との境界面を持つ確信の網として捉える全体論を主張した。;分析的真理と総合的真理の区別を批判した。;経験論が持つ二つのドグマを批判する論文を発表した。,経験論の二つのドグマ,特になし,現代,西洋
popper,ポパー,開かれた社会（オープン・ソサエティ）を擁護した。;歴史決定論を批判し、全体主義に反対した。;社会変革は漸進的社会工学によるべきとした。,開かれた社会とその敵;歴史決定論の貧困,特になし,現代,西洋
benjamin,ベンヤミン,複製技術時代の芸術が持つ「アウラ」の消滅を論じた。;フランクフルト学派に属する思想家の一人である。;芸術の政治化と大衆化について考察した。,複製技術時代の芸術作品,特になし,現代,西洋
lyotard,リオタール,ポストモダンの状況を「大きな物語」の終焉として捉えた。;普遍的な物語の力を失った現代社会のあり方を論じた。;知識の正当化がミクロナラティブに移ると指摘した。,ポスト・モダンの条件,特になし,現代,西洋
derrida,デリダ,西欧形而上学の「ロゴス中心主義」を批判した。;テクスト解釈の方法としての「脱構築」を提唱した。;音声や現前性に優位を与える思考を問題視した。,グラマトロジーについて,特になし,現代,西洋
deleuze,ドゥルーズ,ガタリとの共著で「欲望する機械」を論じた。;非中心的で横断的な「リゾーム（根茎）」的思考を提唱した。;ポスト構造主義の代表的な思想家の一人である。,アンチ・オイディプス,特になし,現代,西洋
said,サイード,ヨーロッパ中心主義的な思考の枠組みを批判した。;西洋による東洋の歪んだイメージであるオリエンタリズムを指摘した。;パレスチナ出身のアメリカの文学研究者、批評家。,オリエンタリズム,特になし,現代,西洋
weil,ヴェイユ,工場労働を体験し、弱者への連帯と正義の実現を訴えた。;人間の実存的な探求を深めたフランスの思想家。;神の恩寵と人間の努力について論じた。,重力と恩寵,キリスト教,現代,西洋
weber,ウェーバー,近代社会の合理化と非人間化（鉄の檻）の傾向を指摘した。;『プロテスタンティズムの倫理と資本主義の精神』を著した。;倫理を「責任倫理」と「心情倫理」に分類した。,プロテスタンティズムの倫理と資本主義の精神;職業としての政治,特になし,近代,西洋
hayek,ハイエク,市場の自生的秩序の重要性を強調した経済学者。;社会主義や計画経済は自由を損なうとして批判した。;政府による過度な介入の危険性を『隷属への道』で説いた。,隷属への道,特になし,現代,西洋
nozick,ノージック,最小国家論を主張し、個人の権利の絶対性を最優先すべきとした。;国家の役割は治安維持や契約の強制などに限定すべきである。;『アナーキー・国家・ユートピア』を著し、ロールズを批判した。,アナーキー・国家・ユートピア,特になし,現代,西洋
sandel,サンデル,コミュニタリアニズム（共同体主義）の代表的論者。;リベラリズム（自由主義）の無前提な個人観を批判。;正義をめぐる議論で徳や共通善の重要性を強調。,正義（ジャスティス）―M・サンデル公共哲学;リベラリズムと正義の限界,特になし,現代,西洋
macintyre,マッキンタイア,共同体主義の思想家であり、アリストテレス的徳倫理を再評価。;現代社会は徳が崩壊し、道徳的言語が機能不全に陥っていると指摘。;共通善と歴史的伝統を重視。,美徳なき時代,特になし,現代,西洋
ortega,オルテガ・イ・ガセット,哲学を「生の理性」と捉える生哲学の立場。;大衆社会における「大衆人」の増殖とその野蛮性を批判。;「私と環境」が私の生であると主張。,大衆の反逆,特になし,現代,西洋
riesman,リースマン,現代社会における社会性格の変化を分析した社会学者。;「伝統志向型」「内部志向型」「他人志向型」の三類型を提示。;「他人志向型」が現代アメリカ社会の特徴だと指摘。,孤独な群衆,特になし,現代,西洋
butterfield,バターフィールド,イギリスの歴史学者。歴史の解釈に関する考察。;歴史記述における Whig 的解釈（進歩史観）を批判。;歴史の必然性を否定し、偶然性の重要性を指摘。,歴史の Whig 的解釈,特になし,現代,西洋
rawls,ロールズ,『正義論』を著し、現代リベラリズムの代表者とされる。;社会の基本構造における「公正としての正義」を提唱した。;無知のヴェールのもとで正義の原理が選択されるとした。;自由の原理と格差原理という二つの原理を導出した。,正義論;万民の法,特になし,現代,西洋
sen,セン,インド出身の経済学者で、ノーベル経済学賞を受賞した。;福祉や貧困問題に取り組み、開発経済学を研究した。;潜在能力（ケイパビリティ）アプローチを提唱した。;人々の自由を拡大するこそが真の開発であると考えた。,貧困と飢饉;開発なき自由,特になし,現代,東洋
kumazawabanzan,熊沢蕃山,中江藤樹に学び陽明学を深め藩政改革を行った。;『大学或問』で時勢に合った学問の必要性を説いた。;分水工事などの治水対策を重視し実用的な政策を主張した。,大学或問;集義外書,特になし,近代,日本
motoorinorinaga,本居宣長,復古神道を大成し、『古事記』研究に没頭した。;中国思想を排し、日本の独自精神を追求した。;『源氏物語』などの和歌を通して、もののあわれを重視した。,古事記伝;玉勝間,神道,近代,日本
webbcouple,ウェッブ夫妻,イギリスのフェビアン協会の中心メンバーとして活動した。;漸進的な社会改良を通じて社会主義の実現を目指した。;資本主義の弊害を詳細な調査に基づき批判した。,産業民主制,特になし,近代,西洋
ortegaygasset,オルテガ,現代社会における大衆の没個性化と台頭を批判した。;『大衆の反逆』で、大衆が社会の指導原理となることを懸念した。;生の哲学を提唱し、人生は自己の状況を乗り越えることだと説いた。,大衆の反逆;生の哲学,特になし,現代,西洋
pestalozzi,ペスタロッチ,貧しい子供たちの教育に尽力したスイスの教育実践家である。;教育の目的は頭・心・手の調和的発達であるとした。;労作教育や直観の原理に基づく教育法を確立した。,リーンハルトとゲルトルート,特になし,近代,西洋
hall,ホール,青年期は「ストーム・アンド・ストレスの時期」であると表現した。;個体発生は系統発生を繰り返すという反復説を提唱した。,,特になし,近代,西洋
gennep,アルノルト=ファン=ヘネップ,人生の節目に行われる儀式を通過儀礼として類型化した。;通過儀礼を分離・過渡・統合の三段階から成ると分析した。,通過儀礼,特になし,近代,西洋
havighurst,ハヴィガースト,人生の各段階で達成すべき社会文化的課題を発達課題と呼んだ。;青年期の発達課題として、自己のアイデンティティの確立などをあげた。,,特になし,現代,西洋
mead,マーガレット=ミード,サモアでの調査に基づき、青年期の動揺は普遍的ではないと主張した。;青年期の発達は生物学的要因より文化的要因に依存することを示した。,サモアの思春期,特になし,現代,西洋
bowlby,ボウルヴィ,乳幼児と保護者との情緒的な絆を愛着（アタッチメント）と呼んだ。;愛着の形成が子どもの健全な発達の基盤となると主張した。,愛着と喪失,特になし,現代,西洋
jameslange,ジェームズ/ランゲ,感情は身体的変化の結果として生じる末梢起源説を提唱した。;「悲しいから泣くのではなく、泣くから悲しい」と説明される。,,特になし,近代,西洋
cannonbard,キャノン/バード,視床が感情と身体的反応を同時に引き起こす中枢起源説を提唱した。;ジェームズ/ランゲ説への批判として提出された。,,特になし,現代,西洋
schachtersinger,シャクター/シンガー,身体的覚醒とその認知的な解釈（評価）から感情が生じるとする。;感情の成立に関する二要因説を提唱した。,,特になし,現代,西洋
anaximandros,アナクシマンドロス,万物の根源（アルケー）を「ト・アペイロン」（無限なるもの）とした。;師であるタレスのアルケーを発展させた。,,特になし,古代,西洋
anaximenes,アナクシメネス,万物の根源（アルケー）を、希薄化や凝縮によって変化する「空気」とした。;ミレトス学派に属し、アナクシマンドロスの弟子である。,,特になし,古代,西洋
democritus,デモクリトス,万物の根源を不可分な原子（アトム）と空虚に求めた。;感覚によってではなく理知によってのみ原子の存在を認識できるとした。;倫理的な最高の善を平静な心の状態であるエウテュミアとした。,,特になし,古代,西洋
aeschylus,アイスキュロス,古代ギリシアの三大悲劇詩人の一人。;神々や運命に翻弄される人間の苦悩を描き、悲劇を確立した。;代表作に『アガメムノン』を含むオレステイア三部作がある。,オレステイア,特になし,古代,西洋
sophocles,ソフォクレス,古代ギリシアの三大悲劇詩人の一人。;人間の意志と運命の対立を描き、人間の尊厳を強調した。;代表作は、テーバイ王家の悲劇を描いた『オイディプス王』である。,オイディプス王;アンティゴネ,特になし,古代,西洋
euripides,エウリピデス,古代ギリシアの三大悲劇詩人の一人。;登場人物の激しい感情や人間的な弱さ、内面を深く描いた。;当時の神話や信仰に対して懐疑的な視点を示したとされる。,メディア;トロイアの女,特になし,古代,西洋
epictetus,エピクテトス,古代ストア派の哲学者で、元奴隷という経歴を持つ。;人間の自由になる事柄と、ならない事柄を区別することが重要だと説いた。;自由になるのは、判断や意志など内的な心の働きのみである。,エンケイリディオン,特になし,古代,西洋
diogenes,ディオゲネス,キュニコス派（犬儒学派）の代表的な思想家。;徹底した禁欲と簡素な生活を実践した。;樽の中に住み、ランプを持って「人間を探す」逸話で知られる。,,特になし,古代,西洋
peter,ペテロ,イエス・キリストの十二使徒の筆頭とされる人物。;イエスの死後、原始キリスト教団の指導者として活動した。;「使徒の頭」であり、初代ローマ教皇とも見なされる。,,キリスト教,古代,西洋
aquinas,トマス=アクィナス,スコラ学を大成し、キリスト教の教義を体系化した。;アリストテレス哲学をキリスト教に取り入れた。;理性と信仰の調和を図ろうとした。;代表作に『神学大全』がある。,神学大全;対異教徒大全,キリスト教,中世,西洋
ockham,ウィリアム=オブ=オッカム,スコラ学末期、普遍は単なる名前にすぎないとする唯名論を主張した。;経験論の先駆者と見なされる。;「オッカムの剃刀」という原理で知られる。,,キリスト教,中世,西洋
gautama,ガウタマ・シッダールタ,仏教の開祖であり、釈迦（しゃか）または釈尊と呼ばれる。;人生は苦であるという現実を出発点とした。;四諦八正道の教えを開き、縁起の理法を悟った。;一切皆苦、諸行無常などを説いた。,,仏教,古代,東洋
vardhamana,ヴァルダマーナ（マハーヴィーラ）,ジャイナ教を確立したとされる人物。;徹底した不殺生（アヒンサー）を説いた。;不盗、不淫、不所有などの五戒を実践した。,,ジャイナ教,古代,東洋
gongsunlong,公孫竜,中国戦国時代の名家に属する思想家。;言葉と実体の関係を重視し弁論を行った。;「白馬は馬にあらず」の命題で知られる。,,特になし,古代,東洋
xuxing,許行,中国戦国時代の農家の思想家。;君主も自ら耕作し生計を立てるべきと主張した。;孟子が彼の主張を批判したことで知られる。,,特になし,古代,東洋
suqin,蘇秦,中国戦国時代の縦横家の代表者。;六国を合従させ秦に対抗する政策を主導した。;諸国を遊説し、権謀術数を駆使した人物。,,特になし,古代,東洋
zouyan,鄒衍,中国戦国時代の陰陽家の代表的学者。;陰陽五行説を体系化し、大いに広めた。;五行の運行に基づき王朝交替の理論を構築した。,,特になし,古代,東洋
sunzi,孫子,春秋時代の兵法書『孫子』の著者とされる。;戦いにおける戦略・戦術および心構えについて論じた。;「戦わずして人の兵を屈するは善の善なるものなり」を説いた。,孫子,特になし,古代,東洋
tenmu,天武天皇,壬申の乱で勝利し、律令国家の基礎を固めた天皇。;天皇の地位を強化し、中央集権化を推進した。;『日本書紀』編纂の契機となる国史編纂を命じた。,,特になし,古代,日本
suiko,推古天皇,日本初の女性天皇。;聖徳太子（厩戸皇子）を摂政として政治を行った。;仏教を篤く保護し、冠位十二階や十七条憲法の制定を推進した。,,特になし,古代,日本
myoe,明恵,鎌倉時代初期の華厳宗の僧。;釈迦の戒律を遵守する復興運動に尽力した。;「阿留辺幾屋（あるべきや）」の教えで知られる。;京都の高山寺を再興した。,,仏教,中世,日本
eison,叡尊,鎌倉時代の律宗の僧。真言律宗の祖。;戒律復興運動を主導し、南都仏教を再興した。;奈良の西大寺を拠点に、非人救済などの社会事業に尽力した。,,仏教,中世,日本
zeami,世阿弥,能楽を大成し、芸術論として確立した。;最高の美の境地として幽玄を重視した。;芸道の秘密や奥義について「花」の概念で説いた。,風姿花伝;至花道,特になし,中世,日本
sen_no_rikyu,千利休,侘び茶を確立し、茶道の精神的側面を深めた。;わびの精神を茶室や道具に取り入れた。;豊臣秀吉の茶頭として権力と美意識の狭間で生きた。,,特になし,中世,日本
matsuo_basho,松尾芭蕉,俳諧を芸術として確立し、蕉風と呼ばれる新境地を開いた。;紀行文『奥の細道』で旅と自然の深いつながりを表現した。;さびやしおりといった美的理念を追求した。,奥の細道,特になし,近代,日本
dazai_shundai,太宰春台,荻生徂徠の弟子で、経世論（経済政策）を展開した。;富国強兵と身分制度維持を主張し、実践的な思想を説いた。;農村の疲弊を防ぐための具体的な経済改革を論じた。,経済録,特になし,近代,日本
yamamoto_tsunetomo,山本常朝,佐賀鍋島藩士として武士の倫理観をまとめた。;武士道とは死ぬことと見つけたりという一節で知られる。;武士が常に死を覚悟すべきという葉隠の精神を説いた。,葉隠,特になし,近代,日本
teshimatoan,手島堵庵,石田梅巌の弟子で石門心学の普及に尽力した。;京都に明倫舎を開き、庶民に心学を講義した。,,特になし,近代,日本
suzukishozo,鈴木正三,「世法即仏法」を説いた江戸時代初期の禅宗の僧侶。;農工商の生業をそのまま仏行と捉え肯定した。,万民徳用,仏教（禅宗）,近代,日本
sidotti,シドッチ,禁教下の江戸時代中期に日本に潜入したイタリア人司祭。;新井白石が尋問し『西洋紀聞』執筆のきっかけとなった。,,キリスト教（カトリック）,近代,西洋
siebold,シーボルト,オランダ商館付のドイツ人医師。;長崎郊外に鳴滝塾を開き、蘭学を教授した。;日本の動植物を研究し、ヨーロッパに紹介した。,,特になし,近代,西洋
fukuzawayukichi,福沢諭吉,明治の啓蒙思想を主導した思想家。;個人の独立と国家の独立を主張した。;天賦人権論に基づき、学問の重要性を説いた。,学問のすゝめ;文明論之概略,特になし,近代,日本
inouetetsujiro,井上哲次郎,忠君愛国を国民道徳の基軸とすべきと主張した。;教育勅語の精神を哲学的に擁護する立場をとった。,,特になし,近代,日本
tayamakatai,田山花袋,日本の自然主義文学の確立者の一人。;客観的な写実描写を通じて人生の暗部を描いた。,蒲団,特になし,近代,日本
kunikidadoppo,国木田独歩,明治期の浪漫主義文学を代表する作家。;自然と人生の調和を理想主義的に描いた。,武蔵野,キリスト教,近代,日本
abejiro,阿部次郎,自己の精神的発展を重視する人格主義を唱えた。;教育を通じて人格の完成を目指すべきと主張した。,三太郎の日記,特になし,近代,日本
tosakajun,戸坂潤,戦前日本のマルクス主義唯物論哲学を代表する。;科学や技術と社会構造の関係を唯物論の立場から考察した。,日本イデオロギー論,特になし,近代,日本
ihapuyu,伊波普猷,「沖縄学の父」と呼ばれた民俗学者、言語学者。;沖縄の言語、宗教、文化を独自の体系で研究した。,古琉球,特になし,現代,日本
ishimure,石牟礼道子,水俣病を告発し記録文学として昇華させた作家。;弱者の視点から公害問題や環境倫理を探求した。,苦海浄土,特になし,現代,日本
okawashumei,大川周明,戦前の右翼思想家でありアジア主義者。;日本の西洋化に対抗し、アジアの連帯を主張した。;極東国際軍事裁判でA級戦犯とされた。,日本二千六百年史,特になし,近代,日本
nakanechie,中根千枝,インドなどでのフィールドワークに基づく社会人類学者。;日本社会の構造をタテ社会の人間関係として分析した。,タテ社会の人間関係,特になし,現代,日本
umesao,梅棹忠夫,比較文明論の基礎を築いた文化人類学者。;「文明の生態史観」や「情報産業論」を提唱した。,文明の生態史観,特になし,現代,日本
pico,ピコ=デラ=ミランドラ,ルネサンス期の人文主義者である。;『人間の尊厳について』を著した。;人間は自己の意志によって何にでもなりうると主張した。,人間の尊厳について,特になし,近代,西洋
more,トマス=モア,理想社会を描いた『ユートピア』を著した。;私有財産の廃止と共産的な生活を主張した。;英国王ヘンリー8世の離婚に反対して処刑された。,ユートピア,特になし,近代,西洋
wycliffe,ウィクリフ,宗教改革の先駆者と呼ばれている。;聖書こそ信仰の唯一の根拠であると主張した。;聖書をラテン語から英語に翻訳させた。,,特になし,中世,西洋
bruno,ブルーノ,コペルニクスの地動説を擁護・発展させた。;宇宙の無限性と神の内在を主張した。;異端として火刑に処せられた。,,特になし,近代,西洋
montesquieu,モンテスキュー,啓蒙思想家の一人である。;『法の精神』を著した。;権力の抑制と均衡のための三権分立を確立した。,法の精神,特になし,近代,西洋
voltaire,ヴォルテール,理性を重んじ、迷信やカトリック教会の不寛容を批判した。;イギリスに滞在し、ロックやニュートンの思想を紹介した。;迫害されている人々の救援を求める寛容の精神を説いた。,哲学書簡;寛容論,特になし,近代,西洋
diderot,ディドロ,フランス啓蒙思想を代表する『百科全書』の編集主幹を務めた。;知識を体系化し、伝統的な権威からの理性の解放を目指した。,百科全書,特になし,近代,西洋
dalembert,ダランベール,ディドロと共に『百科全書』の編集主幹を務めた。;数学者・物理学者としても知られる啓蒙思想家である。,百科全書,特になし,近代,西洋
feuerbach,フォイエルバッハ,神は人間の本質が投射されたものだとする投射説を主張した。;宗教の本質を人間の類的な本質に求め、神学を人類学に転換した。;ヘーゲル左派に属し、後にマルクス思想に影響を与えた。,キリスト教の本質,特になし,近代,西洋
ricardo,リカード,古典派経済学の確立者で、スミスの労働価値説を発展させた。;比較生産費説を提唱し、国際分業による利益を主張した。;土地の生産性の差から生じる差額地代論を展開した。,経済学および課税の原理,特になし,近代,西洋
jamesi,ジェームズ一世,絶対王政期における王権神授説の代表的提唱者;国王の権力は神から授けられたものと主張した,,特になし,近代,西洋
filmer,フィルマー,王権神授説に基づき絶対君主制を正当化した;ロックの『統治二論』で批判された思想家,家父長権論,特になし,近代,西洋
tocqueville,トクヴィル,『アメリカの民主政治』で多数派の専制を指摘;民主主義社会における平等の弊害を分析した,アメリカの民主政治,特になし,近代,西洋
jsmill,J.S.ミル,他者に危害を加えない限り個人の自由を擁護した;功利主義に質的な快楽の概念を導入し修正した,自由論;功利主義,特になし,近代,西洋
saintsimon,サン=シモン,初期の社会主義である空想的社会主義を提唱した;生産活動を行う産業者中心の社会秩序を主張した,,特になし,近代,西洋
engels,エンゲルス,マルクスと共同で科学的社会主義を確立した。;『共産党宣言』をマルクスと共同で執筆した。;唯物史観や剰余価値説をマルクスとともに展開。,共産党宣言;家族・私有財産・国家の起源,特になし,近代,西洋
bernardshaw,バーナード=ショウ,イギリスの劇作家。フェビアン協会に参加した。;漸進的な社会改革を通じた社会主義を主張した。;暴力的革命によらない社会の改良を目指した。,人として超人,特になし,近代,西洋
stalin,スターリン,ソビエト連邦の指導者。一国社会主義を推進した。;農業の集団化や重工業化を強行した。;反対派を粛清する恐怖政治を行った。,,特になし,現代,西洋
gorbachev,ゴルバチョフ,ソ連最後の最高指導者。ペレストロイカを推進した。;グラスノスチ（情報公開）を掲げた。;新思考外交により冷戦終結に貢献した。,,特になし,現代,西洋
schopenhauer,ショーペンハウアー,意志を万物の根源とするペシミズム（厭世主義）の立場。;根源的な「生きようとする意志」が苦悩の原因である。;苦悩からの解放に芸術や倫理的態度を重視した。,意志と表象としての世界,特になし,近代,西洋
peirce,パース,プラグマティズムの創始者の一人とされる。;観念の意味は実践的な結果によって決まるとする。;記号をイコン・インデックス・シンボルに分類した。,いかにしてわれわれの観念を明晰にするか,特になし,近代,西洋
levistrauss,レヴィ=ストロース,構造主義の代表的な人類学者。;未開社会の神話や親族構造の普遍的構造を探求した。;文化の背後にある二項対立的な深層構造を明らかにする。,悲しき熱帯;野生の思考,特になし,現代,西洋
baudrillard,ボードリヤール,記号の消費やシミュレーションが支配する社会を分析した。;現実と区別がつかないシミュラークルの概念を提示した。;大量生産社会における記号的価値の重要性を指摘した。,消費社会の神話と構造;シミュラークルとシミュレーション,特になし,現代,西洋
marcuse,マルクーゼ,フランクフルト学派の批判理論を代表する。;既存の体制に組み込まれた一次元的人間を批判した。;技術的合理性が支配する現代社会を分析した。,一次元的人間;エロスと文明,特になし,現代,西洋
arendt,ハンナ=アーレント,全体主義の本質とその起源を探求した。;人間の活動を労働・仕事・活動に分類した。;政治的活動を公的領域の核心とみなし重視した。;アイヒマン裁判において悪の凡庸さを指摘した。,全体主義の起源;人間の条件,特になし,現代,西洋
ortega,オルテガ,大衆社会の出現と大衆の没落した貴族化を指摘した。;ヨーロッパの危機を「大衆の反逆」として論じた。;理性と生を統一する「生の理性」を提唱した。;「私は私と私の環境である」という言葉を残した。,大衆の反逆,特になし,現代,西洋
sen,アマーティア=セン,福祉の実現には人間の「潜在能力」（ケイパビリティ）の拡大が重要だと主張した。;貧困の指標として人間開発指数（HDI）の策定に貢献した。;自由の拡大を重視する開発論を提唱した。;インド出身の経済学者でありノーベル経済学賞を受賞した。,貧困と飢饉;開発なき自由,特になし,現代,東洋
piketty,トマ=ピケティ,21世紀の資本主義における格差拡大の構造を実証的に分析した。;「r > g」という不等式で資本収益率が経済成長率を上回ることを示した。;富の集中を防ぐためグローバルな資産課税を提唱した。,21世紀の資本,特になし,現代,西洋
schweitzer,シュヴァイツァー,アフリカのランバレネで医療活動を行った「密林の聖者」と呼ばれる。;倫理の根本原理として「生命への畏敬」を提唱した。;キリスト教神学者、医師、オルガン奏者など多方面で活躍した。,水と原始林の間で,キリスト教,現代,西洋
kingjr,キング牧師,アメリカ公民権運動の指導者として活動した。;ガンディーの思想に基づき非暴力抵抗（市民的不服従）を実践した。;ワシントン大行進で「私には夢がある」と演説した。;ノーベル平和賞を受賞した。,,キリスト教,現代,西洋
motherteresa,マザー=テレサ,インドのコルカタで貧しい人々の救済活動を行った。;「神の愛の宣教者会」を設立し、ホスピスの運営に尽力した。;1979年にノーベル平和賞を受賞した。,,キリスト教,現代,西洋
romainrolland,ロマン=ロラン,フランスの作家であり、一貫して反戦とヒューマニズムを訴えた。;ガンディーの非暴力・不服従の精神を西洋に紹介した。;第一次世界大戦中にヨーロッパの一体性を求めて活動した。,ジャン・クリストフ,特になし,近代,西洋
tolstoy,トルストイ,ロシアの小説家で、キリスト教的な愛と非暴力を説いた。;私有財産の否定と原始キリスト教的な生活の実践を試みた。;ガンディーの非暴力抵抗運動に大きな影響を与えた。,戦争と平和;アンナ・カレーニナ,キリスト教,近代,西洋
picasso,ピカソ,スペイン出身の画家で、キュビスムの創始者の一人である。;作品『ゲルニカ』は戦争の悲劇とファシズムへの抗議を表す。;平和運動に参加し、反戦の象徴として知られる。,,特になし,近代,西洋
einstein,アインシュタイン,相対性理論を提唱したユダヤ系の物理学者である。;科学者の社会的責任を重視し、平和運動に積極的に参加した。;核兵器廃絶を目指しラッセルらとともに声明を発表した。,,特になし,近代,西洋
leopold,レオポルド,土地倫理（ランド・エシック）を提唱した。;人間を大地共同体の征服者ではなく一員とみなす。,砂郡の暦,特になし,現代,西洋
jonas,ハンス=ヨナス,未来世代に対する責任を説く「責任の原理」を提唱した。;技術文明の進展に伴う倫理的危機を論じた。,責任の原理,特になし,現代,西洋
murdock,マードック,世界中の社会を比較し家族の普遍的な機能を探った。;性、経済、教育、生殖の四つの機能を指摘した。,,特になし,現代,西洋
boulding,ボールディング,資源が有限な地球を「宇宙船地球号」に例えた。;無限の資源を前提とするカウボーイ経済を批判した。,宇宙船地球号の経済学,特になし,現代,西洋
carson,レイチェル=カーソン,DDTなどの化学物質の危険性を告発した。;環境保護運動の出発点の一つとなった。,沈黙の春,特になし,現代,西洋
wangarimaathai,ワンガリ＝マータイ,ケニアの環境保護活動家、政治家。;グリーンベルト運動を提唱し植林活動を主導。;環境保護、民主化、女性の権利向上に貢献。;二〇〇四年にノーベル平和賞を受賞した。,,特になし,現代,西洋
huntington,サミュエル＝ハンチントン,アメリカの政治学者で国際政治学を専門。;冷戦後の紛争の原因は文明間の対立だと主張。;『文明の衝突』で八つの文明圏を提唱した。;国際社会の変動期における文化の役割を分析。,文明の衝突,特になし,現代,西洋
